{"cameraMode":{"drawMode":0,"name":"Shaded","section":"Shading Mode"},"sceneLighting":false,"audioPlay":false,"sceneViewState":{"m_AlwaysRefresh":false,"showFog":true,"showSkybox":false,"showFlares":true,"showImageEffects":true,"showParticleSystems":true,"showVisualEffectGraphs":true,"m_FxEnabled":true},"in2DMode":false,"pivot":{"x":-27.930147171020509,"y":-11.400001525878907,"z":-0.5546189546585083},"rotation":{"x":0.027284977957606317,"y":0.4152300953865051,"z":-0.012460474856197834,"w":0.9092244505882263},"size":4.4338483810424809,"orthographic":false}